Departure_Regex,Arrival_Regex,Route,RNAV Required,Notes
K?MIA,K?(MCO|ORL|SFB|ISM|LEE),FLMGO2 WAPOM MUNGI1,TRUE,TJ AOB 230
K?MIA,K?(MCO|ORL|SFB|ISM|LEE),DORRL2 MATLK SLOAO1,TRUE,TP AOB 230
K?MIA,K?(MCO|ORL|SFB|ISM|LEE),SHANC T347 BAIRN,TRUE,P AOB 90
K?MIA,K?(MLB|COF|COI|TIX|TTS|XMR),FLMGO2 WAPOM VALKA,TRUE,TJ AOB 190
K?MIA,K?(MLB|COF|COI|TIX|TTS|XMR),SHANC T208 VALKA,TRUE,TP/P AOB 90
K?MIA,K?(TPA|PIE|MCF|SPG),BNGOS4 COREA BLFRG3,TRUE,TJ AOB 240
K?MIA,K?(TPA|PIE|MCF|SPG),MIA2 BNGOS COREA BLFRG3,TRUE,TP/P AOB 240
K?MIA,K?(SRQ|VNC),BNGOS4 COREA TUBBA CURSD,TRUE,TJ AOB 200
K?MIA,K?(SRQ|VNC),MIA2 BNGOS LBELL CAYOO,TRUE,TP/P AOB 200
K?MIA,K?(LAL|BOW|BKV),BNGOS4 COREA LAL,TRUE,TJ AOB 200
K?MIA,K?(LAL|BOW|BKV),MIA2 BNGOS LAL,TRUE,TP/P AOB 200
K?MIA,K?(EYW|NQX),MAYNR3 MAYNR FNTSY FNTSY1,TRUE,TJ AOB 200
K?MIA,K?(EYW|NQX),MIA2 MAYNR GUCEL,TRUE,TP/P AOB 200
K?MIA,K?(PBI|BCT|06FA|DJT),WILBA (radar vectors),TRUE,TJ/TP AOB 50
K?MIA,K?(PBI|BCT|06FA|DJT),WILBA (radar vectors),TRUE,P AOB 40
K?MIA,K?(SUA|VRB|FPR),LIFRR2 WIXED,TRUE,TJ AOB 60
K?MIA,K?(SUA|VRB|FPR),SHANC T208 CLEFF SHEDS,TRUE,TP/P AOB 60
K?MIA,K?(RSW|PGD|APF|FMY),BNGOS4 MERKS RSW,TRUE,TJ AOB 100
K?MIA,K?(RSW|PGD|APF|FMY),MIA2 BNGOS,TRUE,TP/P AOB 100
K?MIA,K?(FLL|PMP|FXE|HWO|OPF|TMB),Radar vectors,TRUE,TJ AOB 50
K?MIA,K?(FLL|PMP|FXE|HWO|OPF|TMB),Radar vectors,TRUE,TP/P AOB 30
K?MIA,K?(JAX|CRG|NIP|NRB),FLMGO2 STYMY ORL HAINY QUBEN2,TRUE,TJ AOB 310
K?MIA,K?(JAX|CRG|NIP|NRB),DORRL2 ORL POGIE2,TRUE,TP AOB 230
K?MIA,K?(JAX|CRG|NIP|NRB),SHANC T208 FOXAM SEBAG,TRUE,P AOB 90
K?MIA,K?(DAB|OMN|DED|EVB|FIN),FLMGO2 WAPOM VALKA T208 SMYRA,TRUE,TJ AOB 230
K?MIA,K?(DAB|OMN|DED|EVB|FIN),SHANC T208 SMYRA,TRUE,TP/P AOB 90
K?MIA,K?(MUHA),GLADZ4 LULLS Y196 CANOA ENTRY5,TRUE,"MIA EAST, TJ AOB 300"
K?MIA,K?(MUHA),MAYNR3 CANOA ENTRY5,TRUE,"MIA WEST, TJ AOB 300"
K?MIA,K?(MYNN),KLADA2 RAJAY,TRUE,TJ AOB 210
K?MIA,K?(MYNN),MIA2 KETLL ELQUE RAJAY,TRUE,TP/P AOB 170
K?MIA,K?(MYGF),FOLZZ3 PADUS,TRUE,TJ AOB 110
K?MIA,K?(MYGF),MIA2 FOLZZ PADUS,TRUE,TP/P AOB 90
K?MIA,K?(MBPV),KLADA2 BITAC SOLEI,TRUE,TJ
K?MIA,K?(TNCM),KLADA2 BITAC Y290 CALTO Y290 SLUGO,TRUE,TJ
K?MIA,K?(TJSJ),KLADA2 BITAC Y290 BEANO,TRUE,TJ
K?MIA,K?(MDSD),KLADA2 JAGOR RUMFO Y441 JUELE UW38 PTA UT20 KODIX KODIX2H,TRUE,TJ
K?MIA,K?(MDPC),KLADA2 JAGOR RUMFO Y441 JUELE UW38 PTA UW28 PETRI BEREL,TRUE,TJ
K?FLL,K?(MCO|ORL|SFB|ISM|LEE),FRSBE2 WAPOM MUNGI1,TRUE,TJ AOB 230
K?FLL,K?(MCO|ORL|SFB|ISM|LEE),DORRL2 MATLK SLOAO1,TRUE,TP AOB 230
K?FLL,K?(MCO|ORL|SFB|ISM|LEE),SHANC T347 BAIRN,TRUE,P AOB 90
K?FLL,K?(MLB|COF|COI|TIX|TTS|XMR),FRSBE2 WAPOM VALKA,TRUE,TJ AOB 190
K?FLL,K?(MLB|COF|COI|TIX|TTS|XMR),SHANC T208 VALKA,TRUE,TP/P AOB 90
K?FLL,K?(TPA|PIE|MCF|SPG),BNICE2 COREA BLFRG3,TRUE,TJ AOB 240
K?FLL,K?(TPA|PIE|MCF|SPG),FLL2 BNICE COREA BLFRG3,TRUE,TP/P AOB 240
K?FLL,K?(SRQ|VNC),BNICE2 COREA TUBBA CURSD,TRUE,TJ AOB 200
K?FLL,K?(SRQ|VNC),FLL2 BNICE LBELL CAYOO,TRUE,TP/P AOB 200
K?FLL,K?(LAL|BOW|BKV),BNICE2 COREA LBELL LAL,TRUE,TJ AOB 200
K?FLL,K?(LAL|BOW|BKV),FLL2 BNICE LBELL LAL,TRUE,TP/P AOB 200
K?FLL,K?(EYW|NQX),MAYNR3 MAYNR FNTSY FNTSY1,TRUE,TJ AOB 200
K?FLL,K?(EYW|NQX),FLL2 MAYNR GUCEL,TRUE,TP/P AOB 200
K?FLL,K?(PBI|BCT|06FA|DJT),AGERS1 HURGI AARPS,TRUE,TJ AOB 50
K?FLL,K?(PBI|BCT|06FA|DJT),WILBA (radar vectors),TRUE,TP/P AOB 40
K?FLL,K?(SUA|VRB|FPR),LIFRR2 WIXED,TRUE,TJ AOB 60
K?FLL,K?(SUA|VRB|FPR),SHANC T208 CLEFF SHEDS,TRUE,TP/P AOB 60
K?FLL,K?(RSW|PGD|APF|FMY),BNICE2 MERKS RSW,TRUE,TJ AOB 100
K?FLL,K?(RSW|PGD|APF|FMY),FLL2 BNICE,TRUE,TP/P AOB 100
K?FLL,K?(MIA|PMP|FXE|HWO|OPF|TMB),Radar vectors,TRUE,TJ AOB 40
K?FLL,K?(MIA|PMP|FXE|HWO|OPF|TMB),Radar vectors,TRUE,TP/P AOB 20
K?FLL,K?(JAX|CRG|NIP|NRB),FRSBE2 STYMY ORL HAINY QUBEN2,TRUE,TJ AOB 310
K?FLL,K?(JAX|CRG|NIP|NRB),DORRL2 ORL POGIE2,TRUE,TP AOB 230
K?FLL,K?(JAX|CRG|NIP|NRB),SHANC T208 FOXAM SEBAG,TRUE,P AOB 90
K?FLL,K?(DAB|OMN|DED|EVB|FIN),FLMGO2 WAPOM VALKA T208 SMYRA,TRUE,TJ AOB 230
K?FLL,K?(DAB|OMN|DED|EVB|FIN),SHANC T208 SMYRA,TRUE,TP/P AOB 90
K?FLL,K?(MUHA),GLADZ4 LULLS Y196 CANOA ENTRY5,TRUE,"FLL EAST, TJ AOB 300"
K?FLL,K?(MUHA),MAYNR3 CANOA ENTRY5,TRUE,"FLL WEST, TJ AOB 300"
K?FLL,K?(MYNN),SNAPR2 RAJAY,TRUE,TJ AOB 210
K?FLL,K?(MYNN),FLL2 BEECH BAHMA RAJAY,TRUE,TP/P AOB 170
K?FLL,K?(MYGF),FEALX2 PADUS,TRUE,TJ AOB 110
K?FLL,K?(MYGF),FLL2 FEALX PADUS,TRUE,TP/P AOB 110
K?FLL,K?(MBPV),SNAPR2 SUMAC SOLEI,TRUE,TJ
K?FLL,K?(TNCM),SNAPR2 SUMAC Y421 HAGIT Y290 SLUGO PJM,TRUE,TJ
K?FLL,K?(TJSJ),SNAPR2 SUMAC Y421 HAGIT Y290 BEANO,TRUE,TJ
K?FLL,K?(MDSD),SNAPR2 SUMAC Y443 RUMFO Y441 JUELE UW38 PTA KODIX KODIX2H,TRUE,TJ
K?FLL,K?(MDPC),SNAPR2 SUMAC Y443 RUMFO Y441 JUELE UW38 PTA UW28 DEMBU BEREL POKEG1W,TRUE,TJ
K?TPA,K?(MIA|TMB),GANDY8 SABEE FROGZ5,TRUE,TJ AOB 250
K?TPA,K?(MIA|TMB),SABEE RSW PALMZ2,TRUE,TP/P AOB 170
K?TPA,K?(FLL|FXE|PMP|HWO),GANDY8 SABEE TEEKY4,TRUE,TJ AOB 250
K?TPA,K?(FLL|FXE|PMP|HWO),SABEE RSW FORTL9,TRUE,TP AOB 170
K?TPA,K?(FLL|FXE|PMP|HWO),CROWD GILBI V511 NEWER,TRUE,P AOB 70
K?TPA,K?(OPF),GANDY8 SABEE CUURT1,TRUE,TJ AOB 210
K?TPA,K?(OPF),SABEE RSW PALMZ2,TRUE,TP AOB 170
K?TPA,K?(OPF),CROWD GILBI V511 NEWER,TRUE,P AOB 70
K?TPA,K?(MCO|ORL|SFB|ISM|LEE),LAL MINEE MINEE6,TRUE,TJ/TP AOB 90
K?TPA,K?(MCO|ORL|SFB|ISM|LEE),PRICY MINEE,TRUE,P AOB 50
K?TPA,K?(MLB|COF|COI|TIX|TTS|XMR),LAL YOJIX T336 DEARY,TRUE,ALL AOB 70
K?TPA,K?(EYW|NQX),GANDY8 SABEE KRAKN1,TRUE,TJ AOB 210
K?TPA,K?(EYW|NQX),SABEE RSW KARTR GIGIH,TRUE,TP AOB 170
K?TPA,K?(EYW|NQX),CEXAN KARTR,TRUE,P AOB 090
K?TPA,K?(PBI|BCT|SUA|06FA),GANDY8 SABEE VUUDU2,TRUE,TJ AOB 170
K?TPA,K?(PBI|BCT|SUA|06FA),SABEE RACNO TTYLR5,TRUE,TP/P AOB 170
K?TPA,K?(VRB|FPR),LAL YOJIX T336 VALKA,TRUE,ALL AOB 90
K?TPA,K?(RSW|APF|FMY),CEXAN,TRUE,ALL AOB 90
K?TPA,K?(PGD),CEXAN,TRUE,ALL AOB 70
K?TPA,K?(PIE|MCF|SPG),PIE (radar vectors),TRUE,ALL AOB 40
K?TPA,K?(SRQ|VNC),SRQ (radar vectors),TRUE,ALL AOB 60
K?TPA,K?(LAL|BOW|BKV),Radar vectors,TRUE,ALL AOB 50
K?TPA,K?(JAX|CRG|NIP|NRB),BAYPO2 WILON HILIS TEBOW2,TRUE,TJ AOB 230
K?TPA,K?(JAX|CRG|NIP|NRB),WILON,TRUE,TP/P AOB 100
K?TPA,K?(DAB|OMN|DED|EVB|FIN),VARZE T210 GUANO,TRUE,ALL AOB 90
K?TPA,K?(MUHA),GANDY8 SABEE KARTR LULLS Y196 CANOA ENTRY5,TRUE,TJ AOB 250
K?TPA,K?(MYNN),CROWD8 HALLR RAJAY,TRUE,TJ AOB 310
K?TPA,K?(MYNN),SABEE FEMID SAXXN ELQUE RAJAY,TRUE,TP AOB 230
K?TPA,K?(MYNN),CROWD SURFN Y624 ZFP BR63V HANKX,TRUE,P AOB 230
K?TPA,K?(MYGF),CROWD8 CROWD JAKEL ZFP,TRUE,TJ AOB 230
K?TPA,K?(MYGF),CROWD JAKEL ZFP,TRUE,TP/P AOB 230
K?TPA,K?(MBPV),CROWD8 HALLR PBI BR54V MAJUR BR54V ZQA A555 MICAS,TRUE,TJ
K?TPA,K?(TNCM),GANDY8 SABEE BAHMA Y353 SUMAC Y421 HAGIT Y308 ACONY SLUGO A638 PJM,TRUE,TJ
K?TPA,K?(TJSJ),GANDY8 SABEE FEMID Y290 BEANO,TRUE,TJ
K?(PBI|DJT),K?(MCO|ORL|SFB|ISM|LEE),TBIRD8 CHEFS MUNGI1,TRUE,TJ AOB 190
K?(PBI|DJT),K?(MCO|ORL|SFB|ISM|LEE),CLEFF CHEFS MATLK SLOAO1,TRUE,TP AOB 190
K?(PBI|DJT),K?(MCO|ORL|SFB|ISM|LEE),CLEFF T347 BAIRN,TRUE,P AOB 90
K?(PBI|DJT),K?(MLB|COF|COI|TIX|TTS|XMR),CLEFF T208 VALKA,TRUE,TJ/TP AOB 50
K?(PBI|DJT),K?(MLB|COF|COI|TIX|TTS|XMR),CLEFF T208 VALKA,TRUE,P AOB 30
K?(PBI|DJT),K?(TPA|PIE|MCF|SPG),OLAKE4 JAYMC BLFRG3,TRUE,TJ AOB 200
K?(PBI|DJT),K?(TPA|PIE|MCF|SPG),WELLY COREA BLFRG3,TRUE,TP/P AOB 200
K?(PBI|DJT),K?(SRQ|VNC),OLAKE4 JAYMC TUBBA CURSD,TRUE,TJ AOB 180
K?(PBI|DJT),K?(SRQ|VNC),WELLY LBELL CAYOO,TRUE,TP/P AOB 180
K?(PBI|DJT),K?(LAL|BOW|BKV),OLAKE4 JAYMC CROWD,TRUE,TJ AOB 180
K?(PBI|DJT),K?(LAL|BOW|BKV),WELLY CROWD,TRUE,TP/P AOB 180
K?(PBI|DJT),K?(MIA|TMB),SPNER VKZ,TRUE,TJ/TP AOB 90
K?(PBI|DJT),K?(MIA|TMB),MARKT,TRUE,P AOB 30
K?(PBI|DJT),K?(FLL|HWO|OPF),SPNER VKZ,TRUE,TJ/TP AOB 70
K?(PBI|DJT),K?(FLL|HWO|OPF),MARKT,TRUE,P AOB 30
K?(PBI|DJT),K?(FXE|PMP),SPNER VKZ,TRUE,ALL AOB 40
K?(PBI|DJT),K?(EYW|NQX),WELLY5 WELLY SWAGS KRAKN KRAKN1,TRUE,TJ AOB 200
K?(PBI|DJT),K?(EYW|NQX),WELLY SWAGS GIGIH,TRUE,TP/P AOB 200
K?(PBI|DJT),K?(RSW|PGD|APF|FMY),WELLY5 WELLY BNGOS RSW,TRUE,TJ AOB 180
K?(PBI|DJT),K?(RSW|PGD|APF|FMY),WELLY BNGOS RSW,TRUE,TP/P AOB 120
K?(PBI|DJT),K?(BCT),ANNEY,TRUE,ALL AOB 30
K?(PBI|DJT),K?(SUA|06FA),PYRUT MORGA,TRUE,ALL AOB 30
K?(PBI|DJT),K?(VRB|FPR),SMUGS,TRUE,ALL AOB 40
K?(PBI|DJT),K?(JAX|CRG|NIP|NRB),TBIRD8 MATLK ORL HAINY QUBEN2,TRUE,TJ AOB 270
K?(PBI|DJT),K?(JAX|CRG|NIP|NRB),TBIRD ORL POGIE2,TRUE,TJ/TP AOB 270
K?(PBI|DJT),K?(JAX|CRG|NIP|NRB),DURRY T208 FOXAM SEBAG,TRUE,P AOB 90
K?(PBI|DJT),K?(DAB|OMN|DED|EVB|FIN),TBIRD8 CHEFS DIMBY T208 SMYRA,TRUE,TJ AOB 150
K?(PBI|DJT),K?(DAB|OMN|DED|EVB|FIN),TBIRD VALKA T208 SMYRA,TRUE,TP/P AOB 150
K?(PBI|DJT),K?(MUHA),WELLY5 WELLY SWAGS LULLS CANOA ENTRY5,TRUE,TJ
K?(PBI|DJT),K?(MYNN),MIXAE5 HALBI HANKX ZQA,TRUE,TJ AOB 230
K?(PBI|DJT),K?(MYNN),TURPS BR63V HANKX ZQA,TRUE,TP/P AOB 170
K?(PBI|DJT),K?(MYGF),MIXAE5 HALBI,TRUE,TJ AOB 70
K?(PBI|DJT),K?(MYGF),TURPS BR63V ZFP,TRUE,TP/P AOB 70
K?(PBI|DJT),K?(MBPV),MIXAE5 HALBI SUMAC SOLEI,TRUE,TJ
K?(PBI|DJT),K?(TNCM),MIXAE5 HALBI ZFP HAGIT Y290 SLUGO,TRUE,TJ
K?(PBI|DJT),K?(TJSJ),MIXAE5 HALBI ZFP HAGIT Y290 BEANO,TRUE,TJ
K?(PBI|DJT),K?(MDSD),MIXAE5 HALBI ZFP RUMFO Y441 JUELE UW38 PTA KODIX KODIX2H,TRUE,TJ
K?(PBI|DJT),K?(MDPC),MIXAE5 HALBI ZFP RUMFO Y441 JUELE UL463 PTA W28 PNA,TRUE,TJ
K?RSW,K?(MIA|TMB),AABER FROGZ FROGZ5,TRUE,TJ AOB 130
K?RSW,K?(MIA|TMB),AABER COOFS PALMZ2,TRUE,TP/P AOB 90
K?RSW,K?(FLL|FXE|PMP|HWO),AABER TEEKY TEEKY4,TRUE,TJ AOB 90
K?RSW,K?(FLL|FXE|PMP|HWO),AABER BANTY FORTL9,TRUE,TP/P AOB 70
K?RSW,K?(OPF),AABER CUURT CUURT1,TRUE,TJ AOB 90
K?RSW,K?(OPF),AABER COOFS PALMZ2,TRUE,TP/P AOB 90
K?RSW,K?(MCO|ORL|SFB|ISM|LEE),CSHEL8 CSHEL JOKRS4,TRUE,TJ AOB 130
K?RSW,K?(MCO|ORL|SFB|ISM|LEE),ROGAN MOANS JOKRS4,TRUE,TP AOB 130
K?RSW,K?(MCO|ORL|SFB|ISM|LEE),ROGAN DOWNN MINEE6,TRUE,P AOB 90
K?RSW,K?(MLB|COF|COI|TIX|TTS|XMR),CSHEL8 CSHEL JOKRS4,TRUE,TJ AOB 130
K?RSW,K?(MLB|COF|COI|TIX|TTS|XMR),DIDDY WIXED T208 VALKA,TRUE,TP/P AOB 90
K?RSW,K?(TPA|PIE|MCF|SPG),CSHEL8 CSHEL BLFRG BLFRG3,TRUE,TJ AOB 120
K?RSW,K?(TPA|PIE|MCF|SPG),CHARO V35 PIE,TRUE,TP/P AOB 100
K?RSW,K?(SRQ|VNC),CHARO,TRUE,ALL AOB 80
K?RSW,K?(LAL|BOW|BKV),CSHEL8 CSHEL CROWD,TRUE,TJ AOB 80
K?RSW,K?(LAL|BOW|BKV),ROGAN,TRUE,TP/P AOB 60
K?RSW,K?(EYW|NQX),GOODY KARTR,TRUE,TJ AOB 130
K?RSW,K?(PBI|BCT|06FA|DJT),LUCYS VUUDU2,TRUE,TJ AOB 150
K?RSW,K?(PBI|BCT|06FA|DJT),RACNO TTYLR5,TRUE,TP/P AOB 90
K?RSW,K?(SUA),LUCYS VUUDU2,TRUE,TJ AOB 90
K?RSW,K?(SUA),DYLYN TTYLR TTYLR5,TRUE,TP/P AOB 70
K?RSW,K?(VRB|FPR),DYLYN RALPH HHUGH,TRUE,ALL AOB 70
K?RSW,K?(RSW|PGD|APF|FMY),Radar vectors,TRUE,ALL AOB 30
K?RSW,K?(JAX|CRG|NIP|NRB),CSHEL8 CSHEL LAL JINOS TEBOW,TRUE,TJ AOB 250
K?RSW,K?(JAX|CRG|NIP|NRB),ROGAN LAL JINOS TEBOW,TRUE,TP/P AOB 110
K?RSW,K?(DAB|OMN|DED|EVB|FIN),CSHEL FEBRO T353 GUANO,TRUE,ALL AOB 160
K?RSW,K?(MUHA),GOODY KARTR EYW CANOA ENTRY5,TRUE,TJ AOB 240
K?RSW,K?(MYNN),AABER SAXXN ELQUE RAJAY,TRUE,TJ AOB 230
K?RSW,K?(MYNN),AABER DVALL MNATE SANNS,TRUE,TP/P AOB 110
K?RSW,K?(MYGF),DYLYN PBI BR63V ZFP,TRUE,ALL AOB 170
K?RSW,K?(MBPV),FEMID Y290 BITAC Y396 RUMFO SOLEI,TRUE,TJ
K?RSW,K?(TNCM),FEMID Y290 HAGIT Y290 SLUGO,TRUE,TJ
K?RSW,K?(TJSJ),FEMID Y290 BEANO,TRUE,TJ
K?RSW,K?(MDSD),FEMID Y290 BITAC Y396 RUMFO Y441 JUELE UW38 PTA KODIX KODIX2H,TRUE,TJ
K?RSW,K?(MDPC),FEMID Y290 BITAC Y396 RUMFO Y441 JUELE FIDEL KOBET PIXAR UW10 PNA,TRUE,TJ
K?EYW,K?(MIA|TMB),BUFTT1 BUFTT PYREX SNDBR3,TRUE,TJ AOB 190
K?EYW,K?(MIA|TMB),CARNU DVALL4,TRUE,TP/P AOB 150
K?EYW,K?(FLL|OPF|FXE|PMP|HWO),BUFTT1 BUFTT PYREX BHHIA3,TRUE,TJ AOB 170
K?EYW,K?(FLL|OPF|FXE|PMP|HWO),CARNU DVALL4,TRUE,TP/P AOB 150
K?EYW,K?(MCO|ORL|SFB|ISM|LEE),BUFTT1 GUFFS FERAL JOKRS4,TRUE,TJ AOB 210
K?EYW,K?(MCO|ORL|SFB|ISM|LEE),CARNU RSW MINEE6,TRUE,TP/P AOB 210
K?EYW,K?(MLB|COF|COI|TIX|TTS|XMR),CARNU RSW MINEE6,TRUE,ALL AOB 210
K?EYW,K?(TPA|PIE|MCF|SPG),BUFTT1 GUFFS FERAL BLFRG3,TRUE,TJ AOB 200
K?EYW,K?(TPA|PIE|MCF|SPG),CARNU FERAL BLFRG3,TRUE,TP/P AOB 160
K?EYW,K?(SRQ|VNC),CARNU RSW V7 ROGAN,TRUE,TJ/TP AOB 180
K?EYW,K?(SRQ|VNC),CARNU RSW V35 MURDO,TRUE,P AOB 100
K?EYW,K?(LAL|BOW|BKV),CARNU ROGAN CROWD,TRUE,ALL AOB 180
K?EYW,K?(PBI|BCT|SUA 06FA),BUFTT1 BUFTT SWAGS VUUDU2,TRUE,TJ AOB 190
K?EYW,K?(PBI|BCT|SUA 06FA),CARNU SWAGS TTYLR TTYLR5,TRUE,TP/P AOB 170
K?EYW,K?(VRB|FPR),BUFTT1 BUFTT SWAGS TTYLR HHUGH,TRUE,TJ AOB 190
K?EYW,K?(VRB|FPR),CARNU SWAGS TTYLR RALPH,TRUE,TP/P AOB 150
K?EYW,K?(RSW|PGD|APF|FMY),CARNU KARTR V539 GOODY,TRUE,ALL AOB 140
K?EYW,K?(EYW|NQX),EYW (radar vectors),TRUE,ALL AOB 20
K?EYW,K?(JAX|CRG|NIP|NRB),BUFTT1 JAYMC ORL HAINY QUBEN2,TRUE,TJ
K?EYW,K?(JAX|CRG|NIP|NRB),CARNU RVERO ORL POGIE2,TRUE,TP/P
K?EYW,K?(DAB|OMN|DED|EVB|FIN),BUFTT1 JAYMC MOANS T353 GUANO,TRUE,TJ AOB 290
K?EYW,K?(DAB|OMN|DED|EVB|FIN),CARNU SWAGS TTYLR VALKA T208 SMYRA,TRUE,TP/P AOB 170
K?EYW,K?(MUHA),MAXIM ENTRY,TRUE,ALL AOB 160
K?EYW,K?(MYNN),CARNU MTH MAYNR SANNS,TRUE,ALL AOB 210
K?EYW,K?(MYGF),CARNU MTH MAYNR FOWEE ZBV BR69V MAYKO,TRUE,ALL AOB 190
K?EYW,K?(MBPV),CARNU MTH MADIZ RUMFO SOLEI,TRUE,TJ
